-- phpMyAdmin SQL Dump
-- version 5.0.4
-- https://www.phpmyadmin.net/
--
-- Host: 127.0.0.1
-- Generation Time: Feb 21, 2021 at 07:19 AM
-- Server version: 10.4.17-MariaDB
-- PHP Version: 7.4.13

SET SQL_MODE = "NO_AUTO_VALUE_ON_ZERO";
START TRANSACTION;
SET time_zone = "+00:00";


/*!40101 SET @OLD_CHARACTER_SET_CLIENT=@@CHARACTER_SET_CLIENT */;
/*!40101 SET @OLD_CHARACTER_SET_RESULTS=@@CHARACTER_SET_RESULTS */;
/*!40101 SET @OLD_COLLATION_CONNECTION=@@COLLATION_CONNECTION */;
/*!40101 SET NAMES utf8mb4 */;

--
-- Database: `ygn`
--

-- --------------------------------------------------------

--
-- Table structure for table `billing_address`
--

CREATE TABLE `billing_address` (
  `uid` int(11) NOT NULL,
  `street` text NOT NULL,
  `city` text NOT NULL,
  `country` text NOT NULL,
  `pincode` int(11) NOT NULL
) ENGINE=InnoDB DEFAULT CHARSET=utf8mb4;

--
-- Dumping data for table `billing_address`
--

INSERT INTO `billing_address` (`uid`, `street`, `city`, `country`, `pincode`) VALUES
(35, 'Kalyan Bhawan', 'Patna', 'India', 800024);

-- --------------------------------------------------------

--
-- Table structure for table `cart`
--

CREATE TABLE `cart` (
  `cid` int(10) NOT NULL,
  `pid` int(4) NOT NULL,
  `pprice` float(10,2) NOT NULL DEFAULT 0.00,
  `pdetail` longtext NOT NULL,
  `quantity` int(7) NOT NULL,
  `user_id` int(10) NOT NULL,
  `itemdatetime` timestamp NOT NULL DEFAULT current_timestamp(),
  `pname` varchar(150) NOT NULL,
  `total_price` float(10,2) NOT NULL DEFAULT 0.00
) ENGINE=InnoDB DEFAULT CHARSET=utf8mb4;

--
-- Dumping data for table `cart`
--

INSERT INTO `cart` (`cid`, `pid`, `pprice`, `pdetail`, `quantity`, `user_id`, `itemdatetime`, `pname`, `total_price`) VALUES
(81, 32, 1400.00, '300 gm mango flavour', 3, 35, '2021-01-30 11:20:01', 'Pre-workout', 4200.00),
(85, 1, 1800.00, '1 kg chocolate flavour', 2, 35, '2021-02-01 19:16:31', 'Whey Protein Concentrate', 3600.00),
(87, 43, 1200.00, '100 capsule ', 11, 35, '2021-02-01 19:50:21', 'Fat-Burner', 13200.00),
(89, 33, 1400.00, '300 gm watermelon flavour', 1, 35, '2021-02-05 08:08:34', 'Pre-workout', 1400.00),
(139, 39, 800.00, '60 tablet ', 1, 36, '2021-02-18 11:34:32', 'Testosterone Booster', 800.00),
(140, 1, 1800.00, '1 kg chocolate flavour', 1, 36, '2021-02-18 11:34:50', 'Whey Protein Concentrate', 1800.00),
(141, 42, 600.00, '60 capsule ', 1, 35, '2021-02-18 11:39:05', 'Omega 3', 600.00),
(142, 52, 200.00, '650 ml ', 1, 35, '2021-02-18 11:46:04', 'YGN Shaker', 200.00),
(143, 41, 500.00, '60 capsule ', 1, 35, '2021-02-18 11:46:07', 'L arginine', 500.00),
(144, 30, 1500.00, '400 gm watermelon flavour', 1, 35, '2021-02-18 11:46:11', 'BCAA', 1500.00);

-- --------------------------------------------------------

--
-- Table structure for table `contact_us`
--

CREATE TABLE `contact_us` (
  `name` varchar(50) NOT NULL,
  `email` text NOT NULL,
  `subject` text NOT NULL,
  `message` text NOT NULL,
  `datetime` timestamp NOT NULL DEFAULT current_timestamp()
) ENGINE=InnoDB DEFAULT CHARSET=utf8mb4;

-- --------------------------------------------------------

--
-- Table structure for table `coupon`
--

CREATE TABLE `coupon` (
  `id` int(11) NOT NULL,
  `code` varchar(20) NOT NULL,
  `discount` int(11) NOT NULL,
  `status` int(11) NOT NULL DEFAULT 0
) ENGINE=InnoDB DEFAULT CHARSET=utf8mb4;

--
-- Dumping data for table `coupon`
--

INSERT INTO `coupon` (`id`, `code`, `discount`, `status`) VALUES
(1, 'YGNWL10', 10, 1),
(2, 'YGNWL45', 45, 1);

-- --------------------------------------------------------

--
-- Table structure for table `newsletter`
--

CREATE TABLE `newsletter` (
  `email` text NOT NULL
) ENGINE=InnoDB DEFAULT CHARSET=utf8mb4;

--
-- Dumping data for table `newsletter`
--

INSERT INTO `newsletter` (`email`) VALUES
('deepakjh632@gmail.com');

-- --------------------------------------------------------

--
-- Table structure for table `orders`
--

CREATE TABLE `orders` (
  `orderid` varchar(50) NOT NULL,
  `uid` int(11) NOT NULL,
  `datatime` timestamp NOT NULL DEFAULT current_timestamp(),
  `items` mediumblob NOT NULL,
  `transactioninfo` mediumblob DEFAULT NULL,
  `userinfo` mediumblob NOT NULL,
  `couponinfo` blob DEFAULT NULL
) ENGINE=InnoDB DEFAULT CHARSET=utf8mb4;

--
-- Dumping data for table `orders`
--

INSERT INTO `orders` (`orderid`, `uid`, `datatime`, `items`, `transactioninfo`, `userinfo`, `couponinfo`) VALUES
('ORD361613629169', 36, '2021-02-18 06:20:30', 0x613a343a7b693a303b613a353a7b733a333a22706964223b733a323a223432223b733a343a226e616d65223b733a373a224f6d6567612033223b733a363a2264657461696c223b733a31313a2236302063617073756c6520223b733a383a227175616e74697479223b733a313a2231223b733a31313a22746f74616c5f7072696365223b733a363a223630302e3030223b7d693a313b613a353a7b733a333a22706964223b733a323a223332223b733a343a226e616d65223b733a31313a225072652d776f726b6f7574223b733a363a2264657461696c223b733a32303a2233303020676d206d616e676f20666c61766f7572223b733a383a227175616e74697479223b733a313a2231223b733a31313a22746f74616c5f7072696365223b733a373a22313430302e3030223b7d693a323b613a353a7b733a333a22706964223b733a323a223433223b733a343a226e616d65223b733a31303a224661742d4275726e6572223b733a363a2264657461696c223b733a31323a223130302063617073756c6520223b733a383a227175616e74697479223b733a313a2231223b733a31313a22746f74616c5f7072696365223b733a373a22313230302e3030223b7d693a333b613a353a7b733a333a22706964223b733a313a2231223b733a343a226e616d65223b733a32343a22576865792050726f7465696e20436f6e63656e7472617465223b733a363a2264657461696c223b733a32323a2231206b672063686f636f6c61746520666c61766f7572223b733a383a227175616e74697479223b733a313a2232223b733a31313a22746f74616c5f7072696365223b733a373a22333630302e3030223b7d7d, 0x613a31323a7b733a363a22737461747573223b733a373a2273756363657373223b733a393a2266697273746e616d65223b733a31323a2264656570616b204b756d6172223b733a353a22656d61696c223b733a32313a2264656570616b6a6836333240676d61696c2e636f6d223b733a353a2274786e6964223b733a32303a223564623633306436356237623833373535336336223b733a343a226d6f6465223b733a323a224343223b733a353a2270686f6e65223b733a31303a2238383632393736363537223b733a373a226d657373616765223b733a383a226361707475726564223b733a31323a2262616e6b5f7265665f6e756d223b733a31353a22343039313731323936363230393535223b733a31313a22706179756d6f6e65796964223b733a393a22323530373934313434223b733a31313a2270726f64756374696e666f223b733a3431323a225b7b22706964223a223432222c226e616d65223a224f6d6567612033222c2264657461696c223a2236302063617073756c6520222c227175616e74697479223a2231222c22746f74616c5f7072696365223a223630302e3030227d2c7b22706964223a223332222c226e616d65223a225072652d776f726b6f7574222c2264657461696c223a2233303020676d206d616e676f20666c61766f7572222c227175616e74697479223a2231222c22746f74616c5f7072696365223a22313430302e3030227d2c7b22706964223a223433222c226e616d65223a224661742d4275726e6572222c2264657461696c223a223130302063617073756c6520222c227175616e74697479223a2231222c22746f74616c5f7072696365223a22313230302e3030227d2c7b22706964223a2231222c226e616d65223a22576865792050726f7465696e20436f6e63656e7472617465222c2264657461696c223a2231206b672063686f636f6c61746520666c61766f7572222c227175616e74697479223a2232222c22746f74616c5f7072696365223a22333630302e3030227d5d223b733a363a22616d6f756e74223b733a373a22363835302e3030223b733a383a226461746574696d65223b733a31393a22323032312d30322d31382031313a35303a3230223b7d, 0x613a393a7b733a353a226669727374223b733a31323a2264656570616b204b756d6172223b733a343a226c617374223b733a343a224f6a6861223b733a353a2270686f6e65223b733a31303a2238383632393736363537223b733a353a22656d61696c223b733a32313a2264656570616b6a6836333240676d61696c2e636f6d223b733a363a22737472656574223b733a31333a224b616c79616e2042686177616e223b733a373a22636f756e747279223b733a353a22496e646961223b733a343a2263697479223b733a353a225061746e61223b733a353a227374617465223b733a353a224269686172223b733a373a2270696e636f6465223b733a363a22383030303234223b7d, 0x733a303a22223b);

-- --------------------------------------------------------

--
-- Table structure for table `products`
--

CREATE TABLE `products` (
  `pid` int(5) NOT NULL,
  `pname` text NOT NULL,
  `weight` float NOT NULL,
  `unit` varchar(15) NOT NULL,
  `quantity` int(5) NOT NULL DEFAULT 0,
  `MRP` int(5) NOT NULL,
  `SRP` int(5) NOT NULL,
  `catid` tinyint(3) NOT NULL,
  `flavour` varchar(20) DEFAULT NULL,
  `image1` text DEFAULT NULL,
  `image2` text DEFAULT NULL,
  `image3` text DEFAULT NULL,
  `date` timestamp NOT NULL DEFAULT current_timestamp() ON UPDATE current_timestamp()
) ENGINE=InnoDB DEFAULT CHARSET=utf8mb4;

--
-- Dumping data for table `products`
--

INSERT INTO `products` (`pid`, `pname`, `weight`, `unit`, `quantity`, `MRP`, `SRP`, `catid`, `flavour`, `image1`, `image2`, `image3`, `date`) VALUES
(1, 'Whey Protein Concentrate', 1, 'kg', 5, 3000, 1800, 101, 'chocolate', NULL, NULL, NULL, '2021-01-27 06:53:24'),
(2, 'Whey Protein Concentrate', 1, 'kg', 15, 3000, 1800, 101, 'vanilla', NULL, NULL, NULL, '2021-01-20 15:39:08'),
(3, 'Whey Protein Concentrate', 1, 'kg', 16, 3000, 1800, 101, 'strawberry', NULL, NULL, NULL, '2021-01-20 15:39:12'),
(4, 'Whey Protein Concentrate', 2, 'kg', 5, 6000, 3800, 101, 'vanilla', NULL, NULL, NULL, '2021-01-27 07:01:38'),
(5, 'Whey Protein Concentrate', 2, 'kg', 8, 6000, 3800, 101, 'strawberry', NULL, NULL, NULL, '2021-01-27 07:01:42'),
(6, 'Whey Protein Concentrate', 2, 'kg', 9, 6000, 3800, 101, 'chocolate', NULL, NULL, NULL, '2021-01-27 07:01:45'),
(7, 'Whey Protein Isolate', 1, 'kg', 5, 3500, 2200, 101, 'strawberry', NULL, NULL, NULL, '2021-01-16 18:30:00'),
(8, 'Whey Protein Isolate', 1, 'kg', 9, 3500, 2200, 101, 'chocolate', 'WP C BOX.jpg', 'WP C.png', NULL, '2021-01-27 07:02:35'),
(9, 'Whey Protein Isolate', 1, 'kg', 5, 3500, 2200, 101, 'vanilla', 'WP V  BOX.jpg', 'WP v.png', NULL, '2021-01-27 07:28:13'),
(10, 'Whey Protein Isolate', 2.26, 'kg', 18, 6800, 4500, 101, 'strawberry', NULL, NULL, NULL, '2021-01-27 07:36:44'),
(11, 'Whey Protein Isolate', 2.26, 'kg', 10, 6800, 4500, 101, 'chocolate', 'WP C 5lb BOX.jpg', 'WP C5.png', NULL, '2021-01-27 07:24:05'),
(12, 'Whey Protein Isolate', 2.26, 'kg', 20, 6800, 4500, 101, 'vanilla', 'WP V 5lb BOX.jpg', NULL, NULL, '2021-01-27 07:33:43'),
(13, 'Plant Protein', 1, 'kg', 12, 2400, 1250, 101, 'chocolate', NULL, NULL, NULL, '2021-01-21 21:07:54'),
(14, 'Plant Protein', 500, 'gm', 14, 1400, 700, 101, 'chocolate', NULL, NULL, NULL, '2021-01-19 18:30:00'),
(15, 'Casein Protein', 1, 'kg', 9, 2800, 1800, 101, 'chocolate', NULL, NULL, NULL, '2021-01-19 18:30:00'),
(16, 'Casein Protein', 2, 'kg', 20, 5000, 3500, 101, 'chocolate', NULL, NULL, NULL, '2021-01-19 18:30:00'),
(17, 'Mass Gainer', 1, 'kg', 13, 1600, 1000, 102, 'chocolate', 'MG C.png', NULL, NULL, '2021-01-26 19:07:45'),
(18, 'Mass Gainer', 1, 'kg', 15, 1600, 1000, 102, 'vanilla', 'MG V.jpg', 'MG V.png', NULL, '2021-01-26 19:09:55'),
(19, 'Mass Gainer', 1, 'kg', 11, 1600, 1000, 102, 'strawberry', NULL, NULL, NULL, '2021-01-17 18:30:00'),
(20, 'Mass Gainer', 2.5, 'kg', 7, 4000, 2500, 102, 'chocolate', 'MG C 5LBS.jpg', 'MG C 5.png', NULL, '2021-01-27 20:06:35'),
(21, 'Mass Gainer', 2.5, 'kg', 10, 4000, 2500, 102, 'vanilla', 'MG V 5LBS.jpg', 'MG V5.png', NULL, '2021-01-26 19:10:25'),
(22, 'Mass Gainer', 2.5, 'kg', 12, 4000, 2500, 102, 'strawberry', NULL, NULL, NULL, '2021-01-26 17:51:59'),
(23, 'Weight Gainer', 1, 'kg', 23, 1200, 800, 102, 'chocolate', NULL, NULL, NULL, '2021-01-18 18:30:00'),
(24, 'Weight Gainer', 1, 'kg', 22, 1200, 800, 102, 'vanilla', NULL, NULL, NULL, '2021-01-18 18:30:00'),
(25, 'Weight Gainer', 1, 'kg', 20, 1200, 800, 102, 'strawberry', NULL, NULL, NULL, '2021-01-19 18:30:00'),
(26, 'Weight Gainer', 2, 'kg', 23, 3000, 1600, 102, 'chocolate', NULL, NULL, NULL, '2021-01-20 15:36:19'),
(27, 'Weight Gainer', 2, 'kg', 11, 3000, 1600, 102, 'vanilla', NULL, NULL, NULL, '2021-01-20 15:37:53'),
(28, 'Weight Gainer', 2, 'kg', 55, 3000, 1600, 102, 'strawberry', NULL, NULL, NULL, '2021-01-20 15:36:23'),
(29, 'Creatine', 250, 'gm', 10, 1000, 600, 103, 'NA', 'CREATINE.jpg', 'CREATINE.png', NULL, '2021-01-27 07:24:54'),
(30, 'BCAA', 400, 'gm', 13, 2500, 1500, 103, 'watermelon', 'BCAA 6000 WM.jpg', 'BCAA 6000 WM.png', NULL, '2021-01-27 07:25:08'),
(31, 'BCAA', 400, 'gm', 5, 2500, 1500, 103, 'fruit_punch', 'BCAA 6000 FP.jpg', 'BCAA 6000 FP.png', NULL, '2021-01-27 07:25:14'),
(32, 'Pre-workout', 300, 'gm', 6, 2400, 1400, 103, 'mango', 'PRE WORKOUT M.png', '', NULL, '2021-01-27 20:07:34'),
(33, 'Pre-workout', 300, 'gm', 7, 2400, 1400, 103, 'watermelon', NULL, NULL, NULL, '2021-01-20 15:36:47'),
(34, 'Pre-workout', 300, 'gm', 22, 2400, 1400, 103, 'fruit_punch', NULL, NULL, NULL, '2021-01-20 15:38:47'),
(35, 'L-caranitine', 300, 'gm', 20, 1000, 580, 103, 'NA', 'L-CARNITE O.jpg', 'L-CARNITE.jpg', 'L-CARNITE.png', '2021-01-26 17:50:31'),
(36, 'Caffeine', 60, 'capsule', 21, 1000, 500, 103, 'NA', NULL, NULL, NULL, '2021-01-20 15:38:55'),
(37, 'Multi-Vitamins', 60, 'tablet', 8, 1000, 500, 104, 'NA', 'MULTIVITAMIN.jpg', 'MULTIVITAMIN.png', NULL, '2021-01-26 19:12:16'),
(38, 'Joint Health', 90, 'tablet', 9, 1000, 800, 104, 'NA', NULL, NULL, NULL, '2021-01-20 15:36:55'),
(39, 'Testosterone Booster', 60, 'tablet', 14, 1200, 800, 104, 'NA', 'testosterone booster.jpg', 'TESTOSTERONE BOOSTER.png', NULL, '2021-01-27 06:24:17'),
(40, 'Biotin 10000 MCG', 90, 'tablet', 9, 1000, 600, 104, 'NA', NULL, NULL, NULL, '2021-01-20 15:37:00'),
(41, 'L arginine', 60, 'capsule', 10, 800, 500, 104, 'NA', NULL, NULL, NULL, '2021-01-20 15:37:04'),
(42, 'Omega 3', 60, 'capsule', 14, 1000, 600, 104, 'NA', 'OMEGA-3.jpg', 'OMEGA-3 WB.jpg', 'OMEGA 3.png', '2021-01-27 20:15:50'),
(43, 'Fat-Burner', 100, 'capsule', 11, 2400, 1200, 104, 'NA', 'FAT BURNER.jpg', 'FAT BURNER.png', NULL, '2021-01-27 07:25:00'),
(44, 'Immunity Booster', 250, 'gm', 12, 1200, 800, 104, 'NA', NULL, NULL, NULL, '2021-01-20 15:37:11'),
(45, 'EAAS (Essential amino acids)', 300, 'gm', 11, 2400, 1500, 104, 'NA', NULL, NULL, NULL, '2021-01-20 15:36:10'),
(46, 'Protein Bar', 30, 'gm', 15, 90, 45, 105, 'chocolate', NULL, NULL, NULL, '2021-01-20 15:39:04'),
(47, 'Protein Bar', 60, 'gm', 15, 180, 85, 105, 'chocolate', NULL, NULL, NULL, '2021-01-20 15:38:09'),
(48, 'Peanut Butter', 1, 'kg', 14, 500, 350, 105, 'chocolate', NULL, NULL, NULL, '2021-01-20 15:38:13'),
(49, 'Peanut Butter', 1, 'kg', 11, 500, 350, 105, 'honey', NULL, NULL, NULL, '2021-01-20 15:38:17'),
(50, 'Peanut Butter', 350, 'gm', 13, 250, 150, 105, 'chocolate', NULL, NULL, NULL, '2021-01-20 15:38:21'),
(51, 'Peanut Butter', 350, 'gm', 19, 250, 150, 105, 'honey', NULL, NULL, NULL, '2021-01-20 15:38:24'),
(52, 'YGN Shaker', 650, 'ml', 16, 250, 200, 106, 'NA', NULL, NULL, NULL, '2021-01-20 15:38:30');

-- --------------------------------------------------------

--
-- Table structure for table `product_category`
--

CREATE TABLE `product_category` (
  `catid` tinyint(3) NOT NULL,
  `catname` text NOT NULL,
  `catimage` varchar(50) NOT NULL
) ENGINE=InnoDB DEFAULT CHARSET=utf8mb4;

--
-- Dumping data for table `product_category`
--

INSERT INTO `product_category` (`catid`, `catname`, `catimage`) VALUES
(101, 'Proteins', 'protein.png'),
(102, 'Gainers', 'gainers.png'),
(103, 'Energy & Endurance Support', 'energy.png'),
(104, 'Health & Wellness (Active Lifestyle)', 'health-wellness.png'),
(105, 'Energy Snacks', 'energy-snacks.png'),
(106, 'Fitness & Gym Accessories', 'fitness-products.png');

-- --------------------------------------------------------

--
-- Table structure for table `product_review`
--

CREATE TABLE `product_review` (
  `reviewid` int(11) NOT NULL,
  `userid` int(11) NOT NULL,
  `pid` int(11) NOT NULL,
  `star` tinyint(4) NOT NULL,
  `comment` text DEFAULT NULL
) ENGINE=InnoDB DEFAULT CHARSET=utf8mb4;

--
-- Dumping data for table `product_review`
--

INSERT INTO `product_review` (`reviewid`, `userid`, `pid`, `star`, `comment`) VALUES
(15, 35, 42, 3, 'Not that much necessary.'),
(16, 35, 52, 5, 'Always have it.'),
(17, 35, 1, 4, 'Grab it.'),
(18, 35, 35, 4, 'sahi hai '),
(19, 36, 42, 4, 'YE thik hai.'),
(20, 36, 32, 5, 'Go for it always.');

-- --------------------------------------------------------

--
-- Table structure for table `shipping_address`
--

CREATE TABLE `shipping_address` (
  `uid` int(11) NOT NULL,
  `street` text NOT NULL,
  `city` text NOT NULL,
  `state` text NOT NULL,
  `country` text NOT NULL,
  `pincode` int(11) NOT NULL
) ENGINE=InnoDB DEFAULT CHARSET=utf8mb4;

--
-- Dumping data for table `shipping_address`
--

INSERT INTO `shipping_address` (`uid`, `street`, `city`, `state`, `country`, `pincode`) VALUES
(35, 'Kalyan Bhawan', 'Patna', '', 'India', 800024),
(36, 'Kalyan Bhawan', 'Patna', 'Bihar', 'India', 800024);

-- --------------------------------------------------------

--
-- Table structure for table `shipping_charge`
--

CREATE TABLE `shipping_charge` (
  `charge` float(10,2) NOT NULL DEFAULT 0.00
) ENGINE=InnoDB DEFAULT CHARSET=utf8mb4;

--
-- Dumping data for table `shipping_charge`
--

INSERT INTO `shipping_charge` (`charge`) VALUES
(50.00);

-- --------------------------------------------------------

--
-- Table structure for table `transactions`
--

CREATE TABLE `transactions` (
  `transaction_id` text NOT NULL,
  `checkout_info` mediumblob NOT NULL
) ENGINE=InnoDB DEFAULT CHARSET=utf8mb4;

--
-- Dumping data for table `transactions`
--

INSERT INTO `transactions` (`transaction_id`, `checkout_info`) VALUES
('3e8ff92c2a5e0cec2c1b', 0x613a31333a7b733a333a22756964223b733a323a223336223b733a353a226669727374223b733a31323a2264656570616b204b756d6172223b733a343a226c617374223b733a343a224f6a6861223b733a353a2270686f6e65223b733a31303a2238383632393736363537223b733a353a22656d61696c223b733a32313a2264656570616b6a6836333240676d61696c2e636f6d223b733a363a22737472656574223b733a31333a224b616c79616e2042686177616e223b733a373a22636f756e747279223b733a353a22496e646961223b733a343a2263697479223b733a353a225061746e61223b733a353a227374617465223b733a353a224269686172223b733a373a2270696e636f6465223b733a363a22383030303234223b733a31303a2266696e616c7072696365223b733a343a2233303735223b733a393a22636172746974656d73223b613a333a7b693a303b733a313a2231223b693a313b733a313a2238223b693a323b733a323a223330223b7d733a363a22636f75706f6e223b613a333a7b733a323a226964223b733a313a2232223b733a343a22636f6465223b733a373a2259474e574c3435223b733a353a2276616c7565223b733a323a223435223b7d7d),
('6f9bf69ad4ff136df58e', 0x613a31333a7b733a333a22756964223b733a323a223336223b733a353a226669727374223b733a31323a2264656570616b204b756d6172223b733a343a226c617374223b733a343a224f6a6861223b733a353a2270686f6e65223b733a31303a2238383632393736363537223b733a353a22656d61696c223b733a32313a2264656570616b6a6836333240676d61696c2e636f6d223b733a363a22737472656574223b733a31333a224b616c79616e2042686177616e223b733a373a22636f756e747279223b733a353a22496e646961223b733a343a2263697479223b733a353a225061746e61223b733a353a227374617465223b733a353a224269686172223b733a373a2270696e636f6465223b733a363a22383030303234223b733a31303a2266696e616c7072696365223b733a343a2235353530223b733a393a22636172746974656d73223b613a333a7b693a303b733a313a2231223b693a313b733a313a2238223b693a323b733a323a223330223b7d733a363a22636f75706f6e223b733a303a22223b7d),
('00df24f82389dc2c1a4c', 0x613a31333a7b733a333a22756964223b733a323a223336223b733a353a226669727374223b733a31323a2264656570616b204b756d6172223b733a343a226c617374223b733a343a224f6a6861223b733a353a2270686f6e65223b733a31303a2238383632393736363537223b733a353a22656d61696c223b733a32313a2264656570616b6a6836333240676d61696c2e636f6d223b733a363a22737472656574223b733a31333a224b616c79616e2042686177616e223b733a373a22636f756e747279223b733a353a22496e646961223b733a343a2263697479223b733a353a225061746e61223b733a353a227374617465223b733a353a224269686172223b733a373a2270696e636f6465223b733a363a22383030303234223b733a31303a2266696e616c7072696365223b733a343a2235353530223b733a393a22636172746974656d73223b613a333a7b693a303b733a313a2231223b693a313b733a313a2238223b693a323b733a323a223330223b7d733a363a22636f75706f6e223b733a303a22223b7d),
('364e3ace3a1d0e1e8ce9', 0x613a31333a7b733a333a22756964223b733a323a223336223b733a353a226669727374223b733a31323a2264656570616b204b756d6172223b733a343a226c617374223b733a343a224f6a6861223b733a353a2270686f6e65223b733a31303a2238383632393736363537223b733a353a22656d61696c223b733a32313a2264656570616b6a6836333240676d61696c2e636f6d223b733a363a22737472656574223b733a31333a224b616c79616e2042686177616e223b733a373a22636f756e747279223b733a353a22496e646961223b733a343a2263697479223b733a353a225061746e61223b733a353a227374617465223b733a353a224269686172223b733a373a2270696e636f6465223b733a363a22383030303234223b733a31303a2266696e616c7072696365223b733a343a2235353530223b733a393a22636172746974656d73223b613a333a7b693a303b733a313a2231223b693a313b733a313a2238223b693a323b733a323a223330223b7d733a363a22636f75706f6e223b733a303a22223b7d),
('24113add5884c33ed586', 0x613a31343a7b733a333a22756964223b733a323a223336223b733a373a226f726465726964223b733a31353a224f5244333631363133353737383030223b733a353a226669727374223b733a31323a2264656570616b204b756d6172223b733a343a226c617374223b733a343a226f6a6861223b733a353a2270686f6e65223b733a31303a2238383632393736363537223b733a353a22656d61696c223b733a32313a2264656570616b6a6836333240676d61696c2e636f6d223b733a363a22737472656574223b733a31333a224b616c79616e2042686177616e223b733a373a22636f756e747279223b733a353a22496e646961223b733a343a2263697479223b733a353a225061746e61223b733a353a227374617465223b733a353a224269686172223b733a373a2270696e636f6465223b733a363a22383030303234223b733a31303a2266696e616c7072696365223b733a343a2235353530223b733a393a22636172746974656d73223b613a333a7b693a303b733a313a2231223b693a313b733a313a2238223b693a323b733a323a223330223b7d733a363a22636f75706f6e223b733a303a22223b7d),
('a810cf100e2fd1537a92', 0x613a31343a7b733a333a22756964223b733a323a223336223b733a373a226f726465726964223b733a31353a224f5244333631363133353738363236223b733a353a226669727374223b733a31323a2264656570616b204b756d6172223b733a343a226c617374223b733a343a224f6a6861223b733a353a2270686f6e65223b733a31303a2238383632393736363537223b733a353a22656d61696c223b733a32313a2264656570616b6a6836333240676d61696c2e636f6d223b733a363a22737472656574223b733a31333a224b616c79616e2042686177616e223b733a373a22636f756e747279223b733a353a22496e646961223b733a343a2263697479223b733a353a225061746e61223b733a353a227374617465223b733a353a224269686172223b733a373a2270696e636f6465223b733a363a22383030303234223b733a31303a2266696e616c7072696365223b733a343a2235353530223b733a393a22636172746974656d73223b613a323a7b733a333a22706964223b733a323a223330223b733a383a227175616e74697479223b733a313a2231223b7d733a363a22636f75706f6e223b733a303a22223b7d),
('e870465bd3f4a1b7542f', 0x613a31343a7b733a333a22756964223b733a323a223336223b733a373a226f726465726964223b733a31353a224f5244333631363133353738383234223b733a353a226669727374223b733a31323a2264656570616b204b756d6172223b733a343a226c617374223b733a343a224f6a6861223b733a353a2270686f6e65223b733a31303a2238383632393736363537223b733a353a22656d61696c223b733a32313a2264656570616b6a6836333240676d61696c2e636f6d223b733a363a22737472656574223b733a31333a224b616c79616e2042686177616e223b733a373a22636f756e747279223b733a353a22496e646961223b733a343a2263697479223b733a353a225061746e61223b733a353a227374617465223b733a353a224269686172223b733a373a2270696e636f6465223b733a363a22383030303234223b733a31303a2266696e616c7072696365223b733a343a2235353530223b733a393a22636172746974656d73223b613a333a7b693a303b613a323a7b733a333a22706964223b733a313a2231223b733a383a227175616e74697479223b733a313a2231223b7d693a313b613a323a7b733a333a22706964223b733a313a2238223b733a383a227175616e74697479223b733a313a2231223b7d693a323b613a323a7b733a333a22706964223b733a323a223330223b733a383a227175616e74697479223b733a313a2231223b7d7d733a363a22636f75706f6e223b733a303a22223b7d),
('3bea94810bd9aed09838', 0x613a31343a7b733a333a22756964223b733a323a223336223b733a373a226f726465726964223b733a31353a224f5244333631363133353738393030223b733a353a226669727374223b733a31323a2264656570616b204b756d6172223b733a343a226c617374223b733a343a224f6a6861223b733a353a2270686f6e65223b733a31303a2238383632393736363537223b733a353a22656d61696c223b733a32313a2264656570616b6a6836333240676d61696c2e636f6d223b733a363a22737472656574223b733a31333a224b616c79616e2042686177616e223b733a373a22636f756e747279223b733a353a22496e646961223b733a343a2263697479223b733a353a225061746e61223b733a353a227374617465223b733a353a224269686172223b733a373a2270696e636f6465223b733a363a22383030303234223b733a31303a2266696e616c7072696365223b733a343a2238353530223b733a393a22636172746974656d73223b613a333a7b693a303b613a323a7b733a333a22706964223b733a313a2231223b733a383a227175616e74697479223b733a313a2231223b7d693a313b613a323a7b733a333a22706964223b733a313a2238223b733a383a227175616e74697479223b733a313a2231223b7d693a323b613a323a7b733a333a22706964223b733a323a223330223b733a383a227175616e74697479223b733a313a2233223b7d7d733a363a22636f75706f6e223b733a303a22223b7d),
('5aee5de41bde1c0b8bfb', 0x613a31343a7b733a333a22756964223b733a323a223336223b733a373a226f726465726964223b733a31353a224f5244333631363133353831353832223b733a353a226669727374223b733a31323a2264656570616b204b756d6172223b733a343a226c617374223b733a343a224f6a6861223b733a353a2270686f6e65223b733a31303a2238383632393736363537223b733a353a22656d61696c223b733a32313a2264656570616b6a6836333240676d61696c2e636f6d223b733a363a22737472656574223b733a31333a224b616c79616e2042686177616e223b733a373a22636f756e747279223b733a353a22496e646961223b733a343a2263697479223b733a353a225061746e61223b733a353a227374617465223b733a353a224269686172223b733a373a2270696e636f6465223b733a363a22383030303234223b733a31303a2266696e616c7072696365223b733a343a2238353530223b733a393a22636172746974656d73223b613a333a7b693a303b613a343a7b733a333a22706964223b733a313a2231223b733a343a226e616d65223b733a32343a22576865792050726f7465696e20436f6e63656e7472617465223b733a363a2264657461696c223b733a32323a2231206b672063686f636f6c61746520666c61766f7572223b733a383a227175616e74697479223b733a313a2231223b7d693a313b613a343a7b733a333a22706964223b733a313a2238223b733a343a226e616d65223b733a32303a22576865792050726f7465696e2049736f6c617465223b733a363a2264657461696c223b733a32323a2231206b672063686f636f6c61746520666c61766f7572223b733a383a227175616e74697479223b733a313a2231223b7d693a323b613a343a7b733a333a22706964223b733a323a223330223b733a343a226e616d65223b733a343a2242434141223b733a363a2264657461696c223b733a32353a2234303020676d2077617465726d656c6f6e20666c61766f7572223b733a383a227175616e74697479223b733a313a2233223b7d7d733a363a22636f75706f6e223b733a303a22223b7d),
('d77ce44a876afb08b89f', 0x613a31343a7b733a333a22756964223b733a323a223336223b733a373a226f726465726964223b733a31353a224f5244333631363133353831393031223b733a353a226669727374223b733a31323a2264656570616b204b756d6172223b733a343a226c617374223b733a343a224f6a6861223b733a353a2270686f6e65223b733a31303a2238383632393736363537223b733a353a22656d61696c223b733a32313a2264656570616b6a6836333240676d61696c2e636f6d223b733a363a22737472656574223b733a31333a224b616c79616e2042686177616e223b733a373a22636f756e747279223b733a353a22496e646961223b733a343a2263697479223b733a353a225061746e61223b733a353a227374617465223b733a353a224269686172223b733a373a2270696e636f6465223b733a363a22383030303234223b733a31303a2266696e616c7072696365223b733a343a2238353530223b733a393a22636172746974656d73223b613a333a7b693a303b613a343a7b733a333a22706964223b733a313a2231223b733a343a226e616d65223b733a32343a22576865792050726f7465696e20436f6e63656e7472617465223b733a363a2264657461696c223b733a32323a2231206b672063686f636f6c61746520666c61766f7572223b733a383a227175616e74697479223b733a313a2231223b7d693a313b613a343a7b733a333a22706964223b733a313a2238223b733a343a226e616d65223b733a32303a22576865792050726f7465696e2049736f6c617465223b733a363a2264657461696c223b733a32323a2231206b672063686f636f6c61746520666c61766f7572223b733a383a227175616e74697479223b733a313a2231223b7d693a323b613a343a7b733a333a22706964223b733a323a223330223b733a343a226e616d65223b733a343a2242434141223b733a363a2264657461696c223b733a32353a2234303020676d2077617465726d656c6f6e20666c61766f7572223b733a383a227175616e74697479223b733a313a2233223b7d7d733a363a22636f75706f6e223b733a303a22223b7d),
('f9a355445c82a900bc15', 0x613a31343a7b733a333a22756964223b733a323a223336223b733a373a226f726465726964223b733a31353a224f5244333631363133353836383639223b733a353a226669727374223b733a31323a2264656570616b204b756d6172223b733a343a226c617374223b733a343a224f6a6861223b733a353a2270686f6e65223b733a31303a2238383632393736363537223b733a353a22656d61696c223b733a32313a2264656570616b6a6836333240676d61696c2e636f6d223b733a363a22737472656574223b733a31333a224b616c79616e2042686177616e223b733a373a22636f756e747279223b733a353a22496e646961223b733a343a2263697479223b733a353a225061746e61223b733a353a227374617465223b733a353a224269686172223b733a373a2270696e636f6465223b733a363a22383030303234223b733a31303a2266696e616c7072696365223b733a343a2232303530223b733a393a22636172746974656d73223b613a323a7b693a303b613a343a7b733a333a22706964223b733a323a223432223b733a343a226e616d65223b733a373a224f6d6567612033223b733a363a2264657461696c223b733a31313a2236302063617073756c6520223b733a383a227175616e74697479223b733a313a2231223b7d693a313b613a343a7b733a333a22706964223b733a323a223332223b733a343a226e616d65223b733a31313a225072652d776f726b6f7574223b733a363a2264657461696c223b733a32303a2233303020676d206d616e676f20666c61766f7572223b733a383a227175616e74697479223b733a313a2231223b7d7d733a363a22636f75706f6e223b733a303a22223b7d),
('86daffb73f3c9c86055c', 0x613a31343a7b733a333a22756964223b733a323a223336223b733a373a226f726465726964223b733a31353a224f5244333631363133353838383137223b733a353a226669727374223b733a31323a2264656570616b204b756d6172223b733a343a226c617374223b733a343a224f6a6861223b733a353a2270686f6e65223b733a31303a2238383632393736363537223b733a353a22656d61696c223b733a32313a2264656570616b6a6836333240676d61696c2e636f6d223b733a363a22737472656574223b733a31333a224b616c79616e2042686177616e223b733a373a22636f756e747279223b733a353a22496e646961223b733a343a2263697479223b733a353a225061746e61223b733a353a227374617465223b733a353a224269686172223b733a373a2270696e636f6465223b733a363a22383030303234223b733a31303a2266696e616c7072696365223b733a343a2232303530223b733a393a22636172746974656d73223b613a323a7b693a303b613a343a7b733a333a22706964223b733a323a223432223b733a343a226e616d65223b733a373a224f6d6567612033223b733a363a2264657461696c223b733a31313a2236302063617073756c6520223b733a383a227175616e74697479223b733a313a2231223b7d693a313b613a343a7b733a333a22706964223b733a323a223332223b733a343a226e616d65223b733a31313a225072652d776f726b6f7574223b733a363a2264657461696c223b733a32303a2233303020676d206d616e676f20666c61766f7572223b733a383a227175616e74697479223b733a313a2231223b7d7d733a363a22636f75706f6e223b733a303a22223b7d),
('5db630d65b7b837553c6', 0x613a31343a7b733a333a22756964223b733a323a223336223b733a373a226f726465726964223b733a31353a224f5244333631363133363239313639223b733a353a226669727374223b733a31323a2264656570616b204b756d6172223b733a343a226c617374223b733a343a224f6a6861223b733a353a2270686f6e65223b733a31303a2238383632393736363537223b733a353a22656d61696c223b733a32313a2264656570616b6a6836333240676d61696c2e636f6d223b733a363a22737472656574223b733a31333a224b616c79616e2042686177616e223b733a373a22636f756e747279223b733a353a22496e646961223b733a343a2263697479223b733a353a225061746e61223b733a353a227374617465223b733a353a224269686172223b733a373a2270696e636f6465223b733a363a22383030303234223b733a31303a2266696e616c7072696365223b733a343a2236383530223b733a393a22636172746974656d73223b613a343a7b693a303b613a353a7b733a333a22706964223b733a323a223432223b733a343a226e616d65223b733a373a224f6d6567612033223b733a363a2264657461696c223b733a31313a2236302063617073756c6520223b733a383a227175616e74697479223b733a313a2231223b733a31313a22746f74616c5f7072696365223b733a363a223630302e3030223b7d693a313b613a353a7b733a333a22706964223b733a323a223332223b733a343a226e616d65223b733a31313a225072652d776f726b6f7574223b733a363a2264657461696c223b733a32303a2233303020676d206d616e676f20666c61766f7572223b733a383a227175616e74697479223b733a313a2231223b733a31313a22746f74616c5f7072696365223b733a373a22313430302e3030223b7d693a323b613a353a7b733a333a22706964223b733a323a223433223b733a343a226e616d65223b733a31303a224661742d4275726e6572223b733a363a2264657461696c223b733a31323a223130302063617073756c6520223b733a383a227175616e74697479223b733a313a2231223b733a31313a22746f74616c5f7072696365223b733a373a22313230302e3030223b7d693a333b613a353a7b733a333a22706964223b733a313a2231223b733a343a226e616d65223b733a32343a22576865792050726f7465696e20436f6e63656e7472617465223b733a363a2264657461696c223b733a32323a2231206b672063686f636f6c61746520666c61766f7572223b733a383a227175616e74697479223b733a313a2232223b733a31313a22746f74616c5f7072696365223b733a373a22333630302e3030223b7d7d733a363a22636f75706f6e223b733a303a22223b7d),
('a4a6fc88ddf8071de1ca', 0x613a31343a7b733a333a22756964223b733a323a223336223b733a373a226f726465726964223b733a31353a224f5244333631363133363433303139223b733a353a226669727374223b733a31323a2264656570616b204b756d6172223b733a343a226c617374223b733a343a224f6a6861223b733a353a2270686f6e65223b733a31303a2238383632393736363537223b733a353a22656d61696c223b733a32313a2264656570616b6a6836333240676d61696c2e636f6d223b733a363a22737472656574223b733a31333a224b616c79616e2042686177616e223b733a373a22636f756e747279223b733a353a22496e646961223b733a343a2263697479223b733a353a225061746e61223b733a353a227374617465223b733a353a224269686172223b733a373a2270696e636f6465223b733a363a22383030303234223b733a31303a2266696e616c7072696365223b733a343a2233313130223b733a393a22636172746974656d73223b613a323a7b693a303b613a353a7b733a333a22706964223b733a323a223432223b733a343a226e616d65223b733a373a224f6d6567612033223b733a363a2264657461696c223b733a31313a2236302063617073756c6520223b733a383a227175616e74697479223b733a313a2231223b733a31313a22746f74616c5f7072696365223b733a363a223630302e3030223b7d693a313b613a353a7b733a333a22706964223b733a323a223332223b733a343a226e616d65223b733a31313a225072652d776f726b6f7574223b733a363a2264657461696c223b733a32303a2233303020676d206d616e676f20666c61766f7572223b733a383a227175616e74697479223b733a313a2232223b733a31313a22746f74616c5f7072696365223b733a373a22323830302e3030223b7d7d733a363a22636f75706f6e223b613a333a7b733a323a226964223b733a313a2231223b733a343a22636f6465223b733a373a2259474e574c3130223b733a353a2276616c7565223b733a323a223130223b7d7d),
('ee6451794f23181e9844', 0x613a31343a7b733a333a22756964223b733a323a223336223b733a373a226f726465726964223b733a31353a224f5244333631363133363436333230223b733a353a226669727374223b733a31323a2264656570616b204b756d6172223b733a343a226c617374223b733a343a224f6a6861223b733a353a2270686f6e65223b733a31303a2238383632393736363537223b733a353a22656d61696c223b733a32313a2264656570616b6a6836333240676d61696c2e636f6d223b733a363a22737472656574223b733a31333a224b616c79616e2042686177616e223b733a373a22636f756e747279223b733a353a22496e646961223b733a343a2263697479223b733a353a225061746e61223b733a353a227374617465223b733a353a224269686172223b733a373a2270696e636f6465223b733a363a22383030303234223b733a31303a2266696e616c7072696365223b733a343a2236323530223b733a393a22636172746974656d73223b613a333a7b693a303b613a353a7b733a333a22706964223b733a323a223432223b733a343a226e616d65223b733a373a224f6d6567612033223b733a363a2264657461696c223b733a31313a2236302063617073756c6520223b733a383a227175616e74697479223b733a313a2232223b733a31313a22746f74616c5f7072696365223b733a373a22313230302e3030223b7d693a313b613a353a7b733a333a22706964223b733a323a223332223b733a343a226e616d65223b733a31313a225072652d776f726b6f7574223b733a363a2264657461696c223b733a32303a2233303020676d206d616e676f20666c61766f7572223b733a383a227175616e74697479223b733a313a2233223b733a31313a22746f74616c5f7072696365223b733a373a22343230302e3030223b7d693a323b613a353a7b733a333a22706964223b733a323a223339223b733a343a226e616d65223b733a32303a22546573746f737465726f6e6520426f6f73746572223b733a363a2264657461696c223b733a31303a223630207461626c657420223b733a383a227175616e74697479223b733a313a2231223b733a31313a22746f74616c5f7072696365223b733a363a223830302e3030223b7d7d733a363a22636f75706f6e223b733a303a22223b7d),
('09fc7fae704e2f9112a7', 0x613a31343a7b733a333a22756964223b733a323a223336223b733a373a226f726465726964223b733a31353a224f5244333631363133363436363539223b733a353a226669727374223b733a31323a2264656570616b204b756d6172223b733a343a226c617374223b733a343a224f6a6861223b733a353a2270686f6e65223b733a31303a2238383632393736363537223b733a353a22656d61696c223b733a32313a2264656570616b6a6836333240676d61696c2e636f6d223b733a363a22737472656574223b733a31333a224b616c79616e2042686177616e223b733a373a22636f756e747279223b733a353a22496e646961223b733a343a2263697479223b733a353a225061746e61223b733a353a227374617465223b733a353a224269686172223b733a373a2270696e636f6465223b733a363a22383030303234223b733a31303a2266696e616c7072696365223b733a343a2233343630223b733a393a22636172746974656d73223b613a333a7b693a303b613a353a7b733a333a22706964223b733a323a223432223b733a343a226e616d65223b733a373a224f6d6567612033223b733a363a2264657461696c223b733a31313a2236302063617073756c6520223b733a383a227175616e74697479223b733a313a2232223b733a31313a22746f74616c5f7072696365223b733a373a22313230302e3030223b7d693a313b613a353a7b733a333a22706964223b733a323a223332223b733a343a226e616d65223b733a31313a225072652d776f726b6f7574223b733a363a2264657461696c223b733a32303a2233303020676d206d616e676f20666c61766f7572223b733a383a227175616e74697479223b733a313a2233223b733a31313a22746f74616c5f7072696365223b733a373a22343230302e3030223b7d693a323b613a353a7b733a333a22706964223b733a323a223339223b733a343a226e616d65223b733a32303a22546573746f737465726f6e6520426f6f73746572223b733a363a2264657461696c223b733a31303a223630207461626c657420223b733a383a227175616e74697479223b733a313a2231223b733a31313a22746f74616c5f7072696365223b733a363a223830302e3030223b7d7d733a363a22636f75706f6e223b613a333a7b733a323a226964223b733a313a2232223b733a343a22636f6465223b733a373a2259474e574c3435223b733a353a2276616c7565223b733a323a223435223b7d7d),
('e6b5624000a25128ff48', 0x613a31343a7b733a333a22756964223b733a323a223336223b733a373a226f726465726964223b733a31353a224f5244333631363133363436373834223b733a353a226669727374223b733a31323a2264656570616b204b756d6172223b733a343a226c617374223b733a343a224f6a6861223b733a353a2270686f6e65223b733a31303a2238383632393736363537223b733a353a22656d61696c223b733a32313a2264656570616b6a6836333240676d61696c2e636f6d223b733a363a22737472656574223b733a31333a224b616c79616e2042686177616e223b733a373a22636f756e747279223b733a353a22496e646961223b733a343a2263697479223b733a353a225061746e61223b733a353a227374617465223b733a353a224269686172223b733a373a2270696e636f6465223b733a363a22383030303234223b733a31303a2266696e616c7072696365223b733a343a2233343630223b733a393a22636172746974656d73223b613a333a7b693a303b613a353a7b733a333a22706964223b733a323a223432223b733a343a226e616d65223b733a373a224f6d6567612033223b733a363a2264657461696c223b733a31313a2236302063617073756c6520223b733a383a227175616e74697479223b733a313a2232223b733a31313a22746f74616c5f7072696365223b733a373a22313230302e3030223b7d693a313b613a353a7b733a333a22706964223b733a323a223332223b733a343a226e616d65223b733a31313a225072652d776f726b6f7574223b733a363a2264657461696c223b733a32303a2233303020676d206d616e676f20666c61766f7572223b733a383a227175616e74697479223b733a313a2233223b733a31313a22746f74616c5f7072696365223b733a373a22343230302e3030223b7d693a323b613a353a7b733a333a22706964223b733a323a223339223b733a343a226e616d65223b733a32303a22546573746f737465726f6e6520426f6f73746572223b733a363a2264657461696c223b733a31303a223630207461626c657420223b733a383a227175616e74697479223b733a313a2231223b733a31313a22746f74616c5f7072696365223b733a363a223830302e3030223b7d7d733a363a22636f75706f6e223b613a333a7b733a323a226964223b733a313a2232223b733a343a22636f6465223b733a373a2259474e574c3435223b733a353a2276616c7565223b733a323a223435223b7d7d),
('80465c2186b0210fa6d7', 0x613a31343a7b733a333a22756964223b733a323a223336223b733a373a226f726465726964223b733a31353a224f5244333631363133363437303637223b733a353a226669727374223b733a31323a2264656570616b204b756d6172223b733a343a226c617374223b733a343a224f6a6861223b733a353a2270686f6e65223b733a31303a2238383632393736363537223b733a353a22656d61696c223b733a32313a2264656570616b6a6836333240676d61696c2e636f6d223b733a363a22737472656574223b733a31333a224b616c79616e2042686177616e223b733a373a22636f756e747279223b733a353a22496e646961223b733a343a2263697479223b733a353a225061746e61223b733a353a227374617465223b733a353a224269686172223b733a373a2270696e636f6465223b733a363a22383030303234223b733a31303a2266696e616c7072696365223b733a343a2233343630223b733a393a22636172746974656d73223b613a333a7b693a303b613a353a7b733a333a22706964223b733a323a223432223b733a343a226e616d65223b733a373a224f6d6567612033223b733a363a2264657461696c223b733a31313a2236302063617073756c6520223b733a383a227175616e74697479223b733a313a2232223b733a31313a22746f74616c5f7072696365223b733a373a22313230302e3030223b7d693a313b613a353a7b733a333a22706964223b733a323a223332223b733a343a226e616d65223b733a31313a225072652d776f726b6f7574223b733a363a2264657461696c223b733a32303a2233303020676d206d616e676f20666c61766f7572223b733a383a227175616e74697479223b733a313a2233223b733a31313a22746f74616c5f7072696365223b733a373a22343230302e3030223b7d693a323b613a353a7b733a333a22706964223b733a323a223339223b733a343a226e616d65223b733a32303a22546573746f737465726f6e6520426f6f73746572223b733a363a2264657461696c223b733a31303a223630207461626c657420223b733a383a227175616e74697479223b733a313a2231223b733a31313a22746f74616c5f7072696365223b733a363a223830302e3030223b7d7d733a363a22636f75706f6e223b613a333a7b733a323a226964223b733a313a2232223b733a343a22636f6465223b733a373a2259474e574c3435223b733a353a2276616c7565223b733a323a223435223b7d7d),
('848160263167c94b3991', 0x613a31343a7b733a333a22756964223b733a323a223336223b733a373a226f726465726964223b733a31353a224f5244333631363133363437313839223b733a353a226669727374223b733a31323a2264656570616b204b756d6172223b733a343a226c617374223b733a343a224f6a6861223b733a353a2270686f6e65223b733a31303a2238383632393736363537223b733a353a22656d61696c223b733a32313a2264656570616b6a6836333240676d61696c2e636f6d223b733a363a22737472656574223b733a31333a224b616c79616e2042686177616e223b733a373a22636f756e747279223b733a353a22496e646961223b733a343a2263697479223b733a353a225061746e61223b733a353a227374617465223b733a353a224269686172223b733a373a2270696e636f6465223b733a363a22383030303234223b733a31303a2266696e616c7072696365223b733a343a2233343630223b733a393a22636172746974656d73223b613a333a7b693a303b613a353a7b733a333a22706964223b733a323a223432223b733a343a226e616d65223b733a373a224f6d6567612033223b733a363a2264657461696c223b733a31313a2236302063617073756c6520223b733a383a227175616e74697479223b733a313a2232223b733a31313a22746f74616c5f7072696365223b733a373a22313230302e3030223b7d693a313b613a353a7b733a333a22706964223b733a323a223332223b733a343a226e616d65223b733a31313a225072652d776f726b6f7574223b733a363a2264657461696c223b733a32303a2233303020676d206d616e676f20666c61766f7572223b733a383a227175616e74697479223b733a313a2233223b733a31313a22746f74616c5f7072696365223b733a373a22343230302e3030223b7d693a323b613a353a7b733a333a22706964223b733a323a223339223b733a343a226e616d65223b733a32303a22546573746f737465726f6e6520426f6f73746572223b733a363a2264657461696c223b733a31303a223630207461626c657420223b733a383a227175616e74697479223b733a313a2231223b733a31313a22746f74616c5f7072696365223b733a363a223830302e3030223b7d7d733a363a22636f75706f6e223b613a333a7b733a323a226964223b733a313a2232223b733a343a22636f6465223b733a373a2259474e574c3435223b733a353a2276616c7565223b733a323a223435223b7d7d),
('08a27ec15acf688149f4', 0x613a31343a7b733a333a22756964223b733a323a223336223b733a373a226f726465726964223b733a31353a224f5244333631363133363437333334223b733a353a226669727374223b733a31323a2264656570616b204b756d6172223b733a343a226c617374223b733a343a224f6a6861223b733a353a2270686f6e65223b733a31303a2238383632393736363537223b733a353a22656d61696c223b733a32313a2264656570616b6a6836333240676d61696c2e636f6d223b733a363a22737472656574223b733a31333a224b616c79616e2042686177616e223b733a373a22636f756e747279223b733a353a22496e646961223b733a343a2263697479223b733a353a225061746e61223b733a353a227374617465223b733a353a224269686172223b733a373a2270696e636f6465223b733a363a22383030303234223b733a31303a2266696e616c7072696365223b733a343a2233343630223b733a393a22636172746974656d73223b613a333a7b693a303b613a353a7b733a333a22706964223b733a323a223432223b733a343a226e616d65223b733a373a224f6d6567612033223b733a363a2264657461696c223b733a31313a2236302063617073756c6520223b733a383a227175616e74697479223b733a313a2232223b733a31313a22746f74616c5f7072696365223b733a373a22313230302e3030223b7d693a313b613a353a7b733a333a22706964223b733a323a223332223b733a343a226e616d65223b733a31313a225072652d776f726b6f7574223b733a363a2264657461696c223b733a32303a2233303020676d206d616e676f20666c61766f7572223b733a383a227175616e74697479223b733a313a2233223b733a31313a22746f74616c5f7072696365223b733a373a22343230302e3030223b7d693a323b613a353a7b733a333a22706964223b733a323a223339223b733a343a226e616d65223b733a32303a22546573746f737465726f6e6520426f6f73746572223b733a363a2264657461696c223b733a31303a223630207461626c657420223b733a383a227175616e74697479223b733a313a2231223b733a31313a22746f74616c5f7072696365223b733a363a223830302e3030223b7d7d733a363a22636f75706f6e223b613a333a7b733a323a226964223b733a313a2232223b733a343a22636f6465223b733a373a2259474e574c3435223b733a353a2276616c7565223b733a323a223435223b7d7d),
('6a807bfa844c85aa56b3', 0x613a31343a7b733a333a22756964223b733a323a223336223b733a373a226f726465726964223b733a31353a224f5244333631363133363437383137223b733a353a226669727374223b733a31323a2264656570616b204b756d6172223b733a343a226c617374223b733a343a224f6a6861223b733a353a2270686f6e65223b733a31303a2238383632393736363537223b733a353a22656d61696c223b733a32313a2264656570616b6a6836333240676d61696c2e636f6d223b733a363a22737472656574223b733a31333a224b616c79616e2042686177616e223b733a373a22636f756e747279223b733a353a22496e646961223b733a343a2263697479223b733a353a225061746e61223b733a353a227374617465223b733a353a224269686172223b733a373a2270696e636f6465223b733a363a22383030303234223b733a31303a2266696e616c7072696365223b733a343a2236333030223b733a393a22636172746974656d73223b613a333a7b693a303b613a353a7b733a333a22706964223b733a323a223332223b733a343a226e616d65223b733a31313a225072652d776f726b6f7574223b733a363a2264657461696c223b733a32303a2233303020676d206d616e676f20666c61766f7572223b733a383a227175616e74697479223b733a313a2233223b733a31313a22746f74616c5f7072696365223b733a373a22343230302e3030223b7d693a313b613a353a7b733a333a22706964223b733a323a223339223b733a343a226e616d65223b733a32303a22546573746f737465726f6e6520426f6f73746572223b733a363a2264657461696c223b733a31303a223630207461626c657420223b733a383a227175616e74697479223b733a313a2231223b733a31313a22746f74616c5f7072696365223b733a363a223830302e3030223b7d693a323b613a353a7b733a333a22706964223b733a323a223133223b733a343a226e616d65223b733a31333a22506c616e742050726f7465696e223b733a363a2264657461696c223b733a32323a2231206b672063686f636f6c61746520666c61766f7572223b733a383a227175616e74697479223b733a313a2231223b733a31313a22746f74616c5f7072696365223b733a373a22313235302e3030223b7d7d733a363a22636f75706f6e223b733a303a22223b7d);

-- --------------------------------------------------------

--
-- Table structure for table `user`
--

CREATE TABLE `user` (
  `uid` int(10) NOT NULL,
  `uname` text NOT NULL,
  `password` text NOT NULL,
  `email` text NOT NULL,
  `phone` char(10) NOT NULL,
  `adddate` timestamp NOT NULL DEFAULT current_timestamp(),
  `status` tinyint(2) NOT NULL DEFAULT 0,
  `token` text DEFAULT NULL,
  `token_expire` timestamp NULL DEFAULT NULL
) ENGINE=InnoDB DEFAULT CHARSET=utf8mb4;

--
-- Dumping data for table `user`
--

INSERT INTO `user` (`uid`, `uname`, `password`, `email`, `phone`, `adddate`, `status`, `token`, `token_expire`) VALUES
(35, 'DK OJHA', '$2y$10$uOqK/w6sebVWtWkZNM056.peoKwimpoFiUJsmhgFyBgVku0FspL1S', '18352020@pondiuni.ac.in', '7857908683', '2021-01-29 08:57:29', 1, NULL, NULL),
(36, 'deepak Kumar', '$2y$10$0niMMObt4PneczJlrgknoeXcnj1hAKTNM1RFyF52wvivoOJgPWUti', 'deepakjh632@gmail.com', '8862976657', '2021-02-05 14:19:18', 1, NULL, NULL);

-- --------------------------------------------------------

--
-- Table structure for table `wishlist`
--

CREATE TABLE `wishlist` (
  `uid` int(11) DEFAULT NULL,
  `pid` int(11) DEFAULT NULL
) ENGINE=InnoDB DEFAULT CHARSET=utf8mb4;

--
-- Dumping data for table `wishlist`
--

INSERT INTO `wishlist` (`uid`, `pid`) VALUES
(36, 42);

--
-- Indexes for dumped tables
--

--
-- Indexes for table `billing_address`
--
ALTER TABLE `billing_address`
  ADD KEY `uid` (`uid`);

--
-- Indexes for table `cart`
--
ALTER TABLE `cart`
  ADD PRIMARY KEY (`cid`),
  ADD KEY `user_id` (`user_id`),
  ADD KEY `pid` (`pid`);

--
-- Indexes for table `coupon`
--
ALTER TABLE `coupon`
  ADD PRIMARY KEY (`id`);

--
-- Indexes for table `orders`
--
ALTER TABLE `orders`
  ADD PRIMARY KEY (`orderid`);

--
-- Indexes for table `products`
--
ALTER TABLE `products`
  ADD PRIMARY KEY (`pid`),
  ADD KEY `catid` (`catid`);

--
-- Indexes for table `product_category`
--
ALTER TABLE `product_category`
  ADD PRIMARY KEY (`catid`);

--
-- Indexes for table `product_review`
--
ALTER TABLE `product_review`
  ADD PRIMARY KEY (`reviewid`);

--
-- Indexes for table `shipping_address`
--
ALTER TABLE `shipping_address`
  ADD KEY `uid` (`uid`);

--
-- Indexes for table `user`
--
ALTER TABLE `user`
  ADD PRIMARY KEY (`uid`);

--
-- Indexes for table `wishlist`
--
ALTER TABLE `wishlist`
  ADD KEY `uid` (`uid`),
  ADD KEY `pid` (`pid`);

--
-- AUTO_INCREMENT for dumped tables
--

--
-- AUTO_INCREMENT for table `cart`
--
ALTER TABLE `cart`
  MODIFY `cid` int(10) NOT NULL AUTO_INCREMENT, AUTO_INCREMENT=145;

--
-- AUTO_INCREMENT for table `coupon`
--
ALTER TABLE `coupon`
  MODIFY `id` int(11) NOT NULL AUTO_INCREMENT, AUTO_INCREMENT=3;

--
-- AUTO_INCREMENT for table `products`
--
ALTER TABLE `products`
  MODIFY `pid` int(5) NOT NULL AUTO_INCREMENT, AUTO_INCREMENT=53;

--
-- AUTO_INCREMENT for table `product_review`
--
ALTER TABLE `product_review`
  MODIFY `reviewid` int(11) NOT NULL AUTO_INCREMENT, AUTO_INCREMENT=21;

--
-- AUTO_INCREMENT for table `user`
--
ALTER TABLE `user`
  MODIFY `uid` int(10) NOT NULL AUTO_INCREMENT, AUTO_INCREMENT=37;

--
-- Constraints for dumped tables
--

--
-- Constraints for table `billing_address`
--
ALTER TABLE `billing_address`
  ADD CONSTRAINT `billing_address_ibfk_1` FOREIGN KEY (`uid`) REFERENCES `user` (`uid`);

--
-- Constraints for table `cart`
--
ALTER TABLE `cart`
  ADD CONSTRAINT `cart_ibfk_1` FOREIGN KEY (`user_id`) REFERENCES `user` (`uid`),
  ADD CONSTRAINT `cart_ibfk_2` FOREIGN KEY (`pid`) REFERENCES `products` (`pid`);

--
-- Constraints for table `products`
--
ALTER TABLE `products`
  ADD CONSTRAINT `products_ibfk_1` FOREIGN KEY (`catid`) REFERENCES `product_category` (`catid`);

--
-- Constraints for table `shipping_address`
--
ALTER TABLE `shipping_address`
  ADD CONSTRAINT `shipping_address_ibfk_1` FOREIGN KEY (`uid`) REFERENCES `user` (`uid`);

--
-- Constraints for table `wishlist`
--
ALTER TABLE `wishlist`
  ADD CONSTRAINT `wishlist_ibfk_1` FOREIGN KEY (`uid`) REFERENCES `user` (`uid`),
  ADD CONSTRAINT `wishlist_ibfk_2` FOREIGN KEY (`pid`) REFERENCES `products` (`pid`);
COMMIT;

/*!40101 SET CHARACTER_SET_CLIENT=@OLD_CHARACTER_SET_CLIENT */;
/*!40101 SET CHARACTER_SET_RESULTS=@OLD_CHARACTER_SET_RESULTS */;
/*!40101 SET COLLATION_CONNECTION=@OLD_COLLATION_CONNECTION */;
